{"id":"d601d882-6a5d-4d4f-a56a-4947947d9ff4","alias":"UserProfileViewerWebPart","componentType":"WebPart","version":"0.0.1","manifestVersion":2,"requiresCustomScript":false,"supportedHosts":["SharePointWebPart"],"preconfiguredEntries":[{"groupId":"5c03119e-3074-46fd-976b-c60198311f70","group":{"default":"Other"},"title":{"default":"UserProfileViewer"},"description":{"default":"Get all user details"},"officeFabricIconFontName":"Page","properties":{"description":"UserProfileViewer"}}],"loaderConfig":{"entryModuleId":"user-profile-viewer-web-part","internalModuleBaseUrls":["<!-- PATH TO CDN -->/"],"scriptResources":{"user-profile-viewer-web-part":{"type":"path","path":"user-profile-viewer-web-part_4617773cc37c6c4d83bff23ee8c45f69.js"},"UserProfileViewerWebPartStrings":{"defaultPath":"wfh-userprofileviewerwebpartstrings_en-us_536e65149b0acf4d52c0043073b9fc59.js","type":"localizedPath","paths":{}},"@microsoft/sp-core-library":{"type":"component","version":"1.9.1","id":"7263c7d0-1d6a-45ec-8d85-d4d1d234171b"},"@microsoft/sp-page-context":{"type":"component","version":"1.9.1","id":"1c4541f7-5c31-41aa-9fa8-fbc9dc14c0a8"},"@microsoft/sp-webpart-base":{"type":"component","version":"1.9.1","id":"974a7777-0990-4136-8fa6-95d80114c2e0"},"react":{"type":"component","version":"16.8.5","id":"0d910c1c-13b9-4e1c-9aa4-b008c5e42d7d"},"react-dom":{"type":"component","version":"16.8.5","id":"aa0a46ec-1505-43cd-a44a-93f3a5aa460a"},"@microsoft/sp-http":{"type":"component","version":"1.9.1","id":"c07208f0-ea3b-4c1a-9965-ac1b825211a6"}}}}