{"id":"ec849625-fa97-4813-b4aa-6829d2941776","alias":"NewWfhRequestWebPart","componentType":"WebPart","version":"0.0.1","manifestVersion":2,"requiresCustomScript":false,"supportedHosts":["SharePointWebPart"],"preconfiguredEntries":[{"groupId":"5c03119e-3074-46fd-976b-c60198311f70","group":{"default":"Other"},"title":{"default":"New_WFH_Request"},"description":{"default":"Custom form for creating the new WFH request"},"officeFabricIconFontName":"Page","properties":{"description":"New_WFH_Request"}}],"loaderConfig":{"entryModuleId":"new-wfh-request-web-part","internalModuleBaseUrls":["<!-- PATH TO CDN -->/"],"scriptResources":{"new-wfh-request-web-part":{"type":"path","path":"new-wfh-request-web-part_059f113fd1b2ac7850f82877e8752d7e.js"},"NewWfhRequestWebPartStrings":{"defaultPath":"wfh-newwfhrequestwebpartstrings_en-us_536e65149b0acf4d52c0043073b9fc59.js","type":"localizedPath","paths":{}},"@microsoft/sp-core-library":{"type":"component","version":"1.9.1","id":"7263c7d0-1d6a-45ec-8d85-d4d1d234171b"},"@microsoft/sp-webpart-base":{"type":"component","version":"1.9.1","id":"974a7777-0990-4136-8fa6-95d80114c2e0"},"react":{"type":"component","version":"16.8.5","id":"0d910c1c-13b9-4e1c-9aa4-b008c5e42d7d"},"react-dom":{"type":"component","version":"16.8.5","id":"aa0a46ec-1505-43cd-a44a-93f3a5aa460a"}}}}